var,value,value2,value3,value,value4,value5,value,value6,value7,value,value8,bishal
a,65.37120958,62.28452945,200.8661311,217.019868,271.1998116,507.1135216,41.22927834,615.4915781,369.3873138,877.8399387,726.7438777,1
b,64.95495979,57.92606443,149.9601226,177.9599291,49.43936047,79.97483948,329.439724,430.2091807,727.4420245,351.0547223,174.0595487,2
c,15.05643921,75.47298675,23.65507272,348.4914288,71.44108452,173.6053575,189.9867063,134.0238242,644.4158111,891.1067161,389.3534642,3
d,69.93159697,197.0648713,107.8107113,241.9843344,422.3193992,4.020141163,564.5717725,662.5200198,567.6413577,71.99870006,814.7457986,4
e,46.38961011,78.8836633,289.2025069,249.0353333,367.4628701,62.84894104,247.6772576,413.1323943,91.39035331,278.5126462,900.2218636,5
f,33.69383656,113.04584,210.6073031,134.3379672,82.28045877,227.5213402,120.019486,35.17347733,240.0442458,415.4280818,270.528128,6
